Audience View,Date,Aggregation,Audience Size
Your total audience,2026-06-04,Monthly,99000

Interests
Category,Bulk Sheet Category,Percent of audience,Affinity,Interest,Bulk Sheet Interests,Percent of audience,Affinity
Art,"{'name': 'Art', 'id': '961238559656'}",0.781,1.159,Drawing,"{'name': 'Drawing', 'id': '918644201389'}",0.819,1.121
Art,"{'name': 'Art', 'id': '961238559656'}",0.781,1.159,Photography,"{'name': 'Photography', 'id': '905860166503'}",0.809,1.076
Art,"{'name': 'Art', 'id': '961238559656'}",0.781,1.159,Painting,"{'name': 'Painting', 'id': '938071044570'}",0.76,1.184
Art,"{'name': 'Art', 'id': '961238559656'}",0.781,1.159,Street Art,"{'name': 'Street Art', 'id': '946028385883'}",0.725,1.519
Art,"{'name': 'Art', 'id': '961238559656'}",0.781,1.159,Illustration,"{'name': 'Illustration', 'id': '907002707958'}",0.492,1.382
Art,"{'name': 'Art', 'id': '961238559656'}",0.781,1.159,Body Art,"{'name': 'Body Art', 'id': '909337506117'}",0.449,1.164
Art,"{'name': 'Art', 'id': '961238559656'}",0.781,1.159,Digital Art,"{'name': 'Digital Art', 'id': '954299039771'}",0.229,1.265
Art,"{'name': 'Art', 'id': '961238559656'}",0.781,1.159,Art Supplies,"{'name': 'Art Supplies', 'id': '916574447637'}",0.178,0.578
Art,"{'name': 'Art', 'id': '961238559656'}",0.781,1.159,Art Tutorial,"{'name': 'Art Tutorial', 'id': '908625431820'}",0.148,0.439
Art,"{'name': 'Art', 'id': '961238559656'}",0.781,1.159,Metal Art,"{'name': 'Metal Art', 'id': '919147346069'}",0.144,5.213
Art,"{'name': 'Art', 'id': '961238559656'}",0.781,1.159,Poster Design,"{'name': 'Poster Design', 'id': '947703397050'}",0.117,2.334
Art,"{'name': 'Art', 'id': '961238559656'}",0.781,1.159,Fonts and Calligraphy,"{'name': 'Fonts and Calligraphy', 'id': '933547141847'}",0.104,1.745
Art,"{'name': 'Art', 'id': '961238559656'}",0.781,1.159,Ceramic Art,"{'name': 'Ceramic Art', 'id': '956459048577'}",0.061,1.634
Art,"{'name': 'Art', 'id': '961238559656'}",0.781,1.159,Fashion Design,"{'name': 'Fashion Design', 'id': '958595335486'}",0.056,0.394
Art,"{'name': 'Art', 'id': '961238559656'}",0.781,1.159,Mosaic,"{'name': 'Mosaic', 'id': '925648604365'}",0.054,2.132
Art,"{'name': 'Art', 'id': '961238559656'}",0.781,1.159,Mixed Media Art,"{'name': 'Mixed Media Art', 'id': '914370454096'}",0.051,0.955
Art,"{'name': 'Art', 'id': '961238559656'}",0.781,1.159,Contemporary Art,"{'name': 'Contemporary Art', 'id': '954939770857'}",0.035,1.815
Art,"{'name': 'Art', 'id': '961238559656'}",0.781,1.159,Classic Art,"{'name': 'Classic Art', 'id': '945388101422'}",0.023,
Art,"{'name': 'Art', 'id': '961238559656'}",0.781,1.159,Rock Art,"{'name': 'Rock Art', 'id': '961032393371'}",0.02,1.04
Art,"{'name': 'Art', 'id': '961238559656'}",0.781,1.159,Sculpture,"{'name': 'Sculpture', 'id': '952015364871'}",0.011,
Art,"{'name': 'Art', 'id': '961238559656'}",0.781,1.159,Printmaking,"{'name': 'Printmaking', 'id': '954733409177'}",0.01,
Home Decor,"{'name': 'Home Decor', 'id': '935249274030'}",0.777,1.186,Wall,"{'name': 'Wall', 'id': '897028410084'}",0.852,0.968
Home Decor,"{'name': 'Home Decor', 'id': '935249274030'}",0.777,1.186,Room Decor,"{'name': 'Room Decor', 'id': '916836567854'}",0.812,1.156
Home Decor,"{'name': 'Home Decor', 'id': '935249274030'}",0.777,1.186,Home Decor Style,"{'name': 'Home Decor Style', 'id': '932406387708'}",0.789,1.56
Home Decor,"{'name': 'Home Decor', 'id': '935249274030'}",0.777,1.186,Lighting,"{'name': 'Lighting', 'id': '898155178413'}",0.638,1.711
Home Decor,"{'name': 'Home Decor', 'id': '935249274030'}",0.777,1.186,Furniture,"{'name': 'Furniture', 'id': '936760250909'}",0.561,1.751
Home Decor,"{'name': 'Home Decor', 'id': '935249274030'}",0.777,1.186,Storage and Organization,"{'name': 'Storage and Organization', 'id': '896864884493'}",0.46,1.268
Home Decor,"{'name': 'Home Decor', 'id': '935249274030'}",0.777,1.186,Home Maintenance,"{'name': 'Home Maintenance', 'id': '951174617998'}",0.447,2.165
Home Decor,"{'name': 'Home Decor', 'id': '935249274030'}",0.777,1.186,Flooring,"{'name': 'Flooring', 'id': '951285123313'}",0.37,1.389
Home Decor,"{'name': 'Home Decor', 'id': '935249274030'}",0.777,1.186,Home Accessories,"{'name': 'Home Accessories', 'id': '946284018351'}",0.336,0.905
Home Decor,"{'name': 'Home Decor', 'id': '935249274030'}",0.777,1.186,Door,"{'name': 'Door', 'id': '936029585073'}",0.282,3.349
Home Decor,"{'name': 'Home Decor', 'id': '935249274030'}",0.777,1.186,Exterior,"{'name': 'Exterior', 'id': '929735873274'}",0.207,2.938
Home Decor,"{'name': 'Home Decor', 'id': '935249274030'}",0.777,1.186,Entrance,"{'name': 'Entrance', 'id': '897843420737'}",0.084,3.078
Home Decor,"{'name': 'Home Decor', 'id': '935249274030'}",0.777,1.186,Remodel,"{'name': 'Remodel', 'id': '953913251789'}",0.071,1.771
Home Decor,"{'name': 'Home Decor', 'id': '935249274030'}",0.777,1.186,Stairs,"{'name': 'Stairs', 'id': '896462765850'}",0.069,2.469
Home Decor,"{'name': 'Home Decor', 'id': '935249274030'}",0.777,1.186,Window Treatment,"{'name': 'Window Treatment', 'id': '933856972886'}",0.035,1.709
Home Decor,"{'name': 'Home Decor', 'id': '935249274030'}",0.777,1.186,Home Decor Tips,"{'name': 'Home Decor Tips', 'id': '929733042390'}",0.019,1.428
Home Decor,"{'name': 'Home Decor', 'id': '935249274030'}",0.777,1.186,Home Painting,"{'name': 'Home Painting', 'id': '952051896726'}",0.016,
Education,"{'name': 'Education', 'id': '922134410098'}",0.748,1.253,Subjects,"{'name': 'Subjects', 'id': '955838913612'}",0.979,1.05
Education,"{'name': 'Education', 'id': '922134410098'}",0.748,1.253,Career,"{'name': 'Career', 'id': '941720221932'}",0.206,1.558
Education,"{'name': 'Education', 'id': '922134410098'}",0.748,1.253,Teacher Resources,"{'name': 'Teacher Resources', 'id': '920023336761'}",0.122,0.685
Education,"{'name': 'Education', 'id': '922134410098'}",0.748,1.253,Education Level,"{'name': 'Education Level', 'id': '953977921048'}",0.119,0.718
Entertainment,"{'name': 'Entertainment', 'id': '953061268473'}",0.747,1.147,Movie,"{'name': 'Movie', 'id': '960342948658'}",0.737,0.979
Entertainment,"{'name': 'Entertainment', 'id': '953061268473'}",0.747,1.147,Comics,"{'name': 'Comics', 'id': '930494031304'}",0.701,0.943
Entertainment,"{'name': 'Entertainment', 'id': '953061268473'}",0.747,1.147,Humor,"{'name': 'Humor', 'id': '898037969690'}",0.658,0.851
Entertainment,"{'name': 'Entertainment', 'id': '953061268473'}",0.747,1.147,Gaming,"{'name': 'Gaming', 'id': '919269892222'}",0.52,1.215
Entertainment,"{'name': 'Entertainment', 'id': '953061268473'}",0.747,1.147,Music,"{'name': 'Music', 'id': '936111947007'}",0.396,0.822
Entertainment,"{'name': 'Entertainment', 'id': '953061268473'}",0.747,1.147,Celebrities,"{'name': 'Celebrities', 'id': '911373384406'}",0.389,0.921
Entertainment,"{'name': 'Entertainment', 'id': '953061268473'}",0.747,1.147,TV Show,"{'name': 'TV Show', 'id': '908565964114'}",0.19,1.074
Entertainment,"{'name': 'Entertainment', 'id': '953061268473'}",0.747,1.147,Book,"{'name': 'Book', 'id': '908410600882'}",0.13,0.754
Entertainment,"{'name': 'Entertainment', 'id': '953061268473'}",0.747,1.147,Theater,"{'name': 'Theater', 'id': '905051048835'}",0.04,2.243
Design,"{'name': 'Design', 'id': '902065567321'}",0.738,1.245,Logo and Identity Design,"{'name': 'Logo and Identity Design', 'id': '909466174311'}",0.538,1.526
Design,"{'name': 'Design', 'id': '902065567321'}",0.738,1.245,Web and App Design,"{'name': 'Web and App Design', 'id': '939992763802'}",0.53,0.802
Design,"{'name': 'Design', 'id': '902065567321'}",0.738,1.245,Business and Advertising Design,"{'name': 'Business and Advertising Design', 'id': '897856923844'}",0.34,1.917
Design,"{'name': 'Design', 'id': '902065567321'}",0.738,1.245,Book and Magazine Design,"{'name': 'Book and Magazine Design', 'id': '902581337527'}",0.077,1.938
Travel,"{'name': 'Travel', 'id': '908182459161'}",0.681,1.366,Travel Destinations,"{'name': 'Travel Destinations', 'id': '958862518888'}",0.964,1.027
Travel,"{'name': 'Travel', 'id': '908182459161'}",0.681,1.366,Travel Ideas,"{'name': 'Travel Ideas', 'id': '904309328219'}",0.617,1.169
Travel,"{'name': 'Travel', 'id': '908182459161'}",0.681,1.366,Travel Tips,"{'name': 'Travel Tips', 'id': '950689877411'}",0.072,1.824
Travel,"{'name': 'Travel', 'id': '908182459161'}",0.681,1.366,Restaurant,"{'name': 'Restaurant', 'id': '945959299598'}",0.028,
DIY and Crafts,"{'name': 'DIY and Crafts', 'id': '934876475639'}",0.667,1.214,DIY Projects,"{'name': 'DIY Projects', 'id': '894309586150'}",0.523,0.986
DIY and Crafts,"{'name': 'DIY and Crafts', 'id': '934876475639'}",0.667,1.214,Fabric Crafts,"{'name': 'Fabric Crafts', 'id': '909430966917'}",0.453,0.779
DIY and Crafts,"{'name': 'DIY and Crafts', 'id': '934876475639'}",0.667,1.214,Woodworking,"{'name': 'Woodworking', 'id': '899049071324'}",0.41,3.728
DIY and Crafts,"{'name': 'DIY and Crafts', 'id': '934876475639'}",0.667,1.214,DIY Techniques and Supplies,"{'name': 'DIY Techniques and Supplies', 'id': '911900736333'}",0.182,1.171
DIY and Crafts,"{'name': 'DIY and Crafts', 'id': '934876475639'}",0.667,1.214,DIY Stationery,"{'name': 'DIY Stationery', 'id': '902014579881'}",0.159,0.654
DIY and Crafts,"{'name': 'DIY and Crafts', 'id': '934876475639'}",0.667,1.214,DIY Bag and Purse,"{'name': 'DIY Bag and Purse', 'id': '954200326838'}",0.098,1.61
DIY and Crafts,"{'name': 'DIY and Crafts', 'id': '934876475639'}",0.667,1.214,DIY Pottery,"{'name': 'DIY Pottery', 'id': '929616292607'}",0.097,1.802
DIY and Crafts,"{'name': 'DIY and Crafts', 'id': '934876475639'}",0.667,1.214,DIY Event,"{'name': 'DIY Event', 'id': '922120925682'}",0.095,0.489
DIY and Crafts,"{'name': 'DIY and Crafts', 'id': '934876475639'}",0.667,1.214,DIY Home and Decorations,"{'name': 'DIY Home and Decorations', 'id': '947657535178'}",0.085,0.777
DIY and Crafts,"{'name': 'DIY and Crafts', 'id': '934876475639'}",0.667,1.214,Polymer Crafts,"{'name': 'Polymer Crafts', 'id': '946907157789'}",0.076,1.708
DIY and Crafts,"{'name': 'DIY and Crafts', 'id': '934876475639'}",0.667,1.214,DIY Edible,"{'name': 'DIY Edible', 'id': '896201377663'}",0.05,1.155
DIY and Crafts,"{'name': 'DIY and Crafts', 'id': '934876475639'}",0.667,1.214,DIY Jewelry,"{'name': 'DIY Jewelry', 'id': '905972712093'}",0.021,0.462
DIY and Crafts,"{'name': 'DIY and Crafts', 'id': '934876475639'}",0.667,1.214,Beading,"{'name': 'Beading', 'id': '916525081982'}",0.012,0.56
Sport,"{'name': 'Sport', 'id': '919812032692'}",0.655,1.473,Fitness and Exercises,"{'name': 'Fitness and Exercises', 'id': '912503731943'}",0.518,1.188
Sport,"{'name': 'Sport', 'id': '919812032692'}",0.655,1.473,Outdoor Sport,"{'name': 'Outdoor Sport', 'id': '899504507492'}",0.5,2.084
Sport,"{'name': 'Sport', 'id': '919812032692'}",0.655,1.473,Soccer,"{'name': 'Soccer', 'id': '916147467802'}",0.229,1.169
Sport,"{'name': 'Sport', 'id': '919812032692'}",0.655,1.473,Dancing,"{'name': 'Dancing', 'id': '952036629213'}",0.183,0.634
Sport,"{'name': 'Sport', 'id': '919812032692'}",0.655,1.473,Cycling,"{'name': 'Cycling', 'id': '932527952341'}",0.174,3.984
Sport,"{'name': 'Sport', 'id': '919812032692'}",0.655,1.473,Auto Racing,"{'name': 'Auto Racing', 'id': '914336245852'}",0.053,3.1
Sport,"{'name': 'Sport', 'id': '919812032692'}",0.655,1.473,Hockey,"{'name': 'Hockey', 'id': '949737144218'}",0.049,3.758
Sport,"{'name': 'Sport', 'id': '919812032692'}",0.655,1.473,Running,"{'name': 'Running', 'id': '909056984342'}",0.043,1.166
Sport,"{'name': 'Sport', 'id': '919812032692'}",0.655,1.473,Martial Arts,"{'name': 'Martial Arts', 'id': '957769245264'}",0.032,1.32
Sport,"{'name': 'Sport', 'id': '919812032692'}",0.655,1.473,American Football,"{'name': 'American Football', 'id': '893600890503'}",0.028,0.871
Sport,"{'name': 'Sport', 'id': '919812032692'}",0.655,1.473,Volleyball,"{'name': 'Volleyball', 'id': '935508392210'}",0.027,0.625
Sport,"{'name': 'Sport', 'id': '919812032692'}",0.655,1.473,Water Sport,"{'name': 'Water Sport', 'id': '901265699631'}",0.024,
Sport,"{'name': 'Sport', 'id': '919812032692'}",0.655,1.473,Golf,"{'name': 'Golf', 'id': '918611471680'}",0.023,
Sport,"{'name': 'Sport', 'id': '919812032692'}",0.655,1.473,Rugby,"{'name': 'Rugby', 'id': '957599074955'}",0.022,
Sport,"{'name': 'Sport', 'id': '919812032692'}",0.655,1.473,Winter Sport,"{'name': 'Winter Sport', 'id': '901151529501'}",0.018,
Sport,"{'name': 'Sport', 'id': '919812032692'}",0.655,1.473,Basketball,"{'name': 'Basketball', 'id': '901240696013'}",0.018,0.691
Sport,"{'name': 'Sport', 'id': '919812032692'}",0.655,1.473,Cricket (sports),"{'name': 'Cricket (sports)', 'id': '950863552876'}",0.013,
Sport,"{'name': 'Sport', 'id': '919812032692'}",0.655,1.473,Handball,"{'name': 'Handball', 'id': '945550448942'}",0.013,
Health,"{'name': 'Health', 'id': '898620064290'}",0.648,1.204,Diet and Nutrition,"{'name': 'Diet and Nutrition', 'id': '899102674037'}",0.529,0.83
Health,"{'name': 'Health', 'id': '898620064290'}",0.648,1.204,Lifestyle,"{'name': 'Lifestyle', 'id': '916100312986'}",0.318,0.716
Health,"{'name': 'Health', 'id': '898620064290'}",0.648,1.204,Medical,"{'name': 'Medical', 'id': '912753135383'}",0.153,1.678
Health,"{'name': 'Health', 'id': '898620064290'}",0.648,1.204,Weight Loss,"{'name': 'Weight Loss', 'id': '921895445919'}",0.016,0.356
Architecture,"{'name': 'Architecture', 'id': '918105274631'}",0.627,1.933,Landscape and Urbanism Architecture,"{'name': 'Landscape and Urbanism Architecture', 'id': '924770706928'}",0.571,2.545
Architecture,"{'name': 'Architecture', 'id': '918105274631'}",0.627,1.933,Architectural Style,"{'name': 'Architectural Style', 'id': '908797015303'}",0.512,0.772
Architecture,"{'name': 'Architecture', 'id': '918105274631'}",0.627,1.933,Residential Architecture,"{'name': 'Residential Architecture', 'id': '917763335785'}",0.469,1.447
Architecture,"{'name': 'Architecture', 'id': '918105274631'}",0.627,1.933,Commercial and Office Architecture,"{'name': 'Commercial and Office Architecture', 'id': '958567870080'}",0.343,1.794
Architecture,"{'name': 'Architecture', 'id': '918105274631'}",0.627,1.933,Educational Architecture,"{'name': 'Educational Architecture', 'id': '916646672676'}",0.122,4.33
Architecture,"{'name': 'Architecture', 'id': '918105274631'}",0.627,1.933,Cultural Architecture,"{'name': 'Cultural Architecture', 'id': '933965241695'}",0.041,
Beauty,"{'name': 'Beauty', 'id': '935541271955'}",0.602,1.042,Hair,"{'name': 'Hair', 'id': '903411883690'}",0.723,0.812
Beauty,"{'name': 'Beauty', 'id': '935541271955'}",0.602,1.042,Skin Care,"{'name': 'Skin Care', 'id': '898977956499'}",0.458,0.815
Beauty,"{'name': 'Beauty', 'id': '935541271955'}",0.602,1.042,Makeup,"{'name': 'Makeup', 'id': '948264532184'}",0.264,0.641
Beauty,"{'name': 'Beauty', 'id': '935541271955'}",0.602,1.042,Bath and Body Care,"{'name': 'Bath and Body Care', 'id': '924324486050'}",0.234,0.686
Beauty,"{'name': 'Beauty', 'id': '935541271955'}",0.602,1.042,Nails,"{'name': 'Nails', 'id': '956143059915'}",0.184,0.528
Beauty,"{'name': 'Beauty', 'id': '935541271955'}",0.602,1.042,Men's Beauty,"{'name': ""Men's Beauty"", 'id': '944758664397'}",0.053,1.233
Gardening,"{'name': 'Gardening', 'id': '909983286710'}",0.598,1.484,Planting,"{'name': 'Planting', 'id': '916000423671'}",0.42,0.546
Gardening,"{'name': 'Gardening', 'id': '909983286710'}",0.598,1.484,Garden Design,"{'name': 'Garden Design', 'id': '901468450490'}",0.399,2.513
Gardening,"{'name': 'Gardening', 'id': '909983286710'}",0.598,1.484,Garden Types,"{'name': 'Garden Types', 'id': '926108676086'}",0.283,2.522
Gardening,"{'name': 'Gardening', 'id': '909983286710'}",0.598,1.484,Gardening Supplies,"{'name': 'Gardening Supplies', 'id': '909773049272'}",0.041,1.39
Electronics,"{'name': 'Electronics', 'id': '960887632144'}",0.598,1.319,Cell Phones and Accessories,"{'name': 'Cell Phones and Accessories', 'id': '951444910525'}",0.367,0.516
Electronics,"{'name': 'Electronics', 'id': '960887632144'}",0.598,1.319,Computers Tablets and Accessories,"{'name': 'Computers Tablets and Accessories', 'id': '951929919689'}",0.076,1.191
Electronics,"{'name': 'Electronics', 'id': '960887632144'}",0.598,1.319,Cameras and Accessories,"{'name': 'Cameras and Accessories', 'id': '899043339668'}",0.046,1.828
Women's Fashion,"{'name': ""Women's Fashion"", 'id': '948967005229'}",0.596,1.047,Women's Style,"{'name': ""Women's Style"", 'id': '947341333711'}",0.431,0.78
Women's Fashion,"{'name': ""Women's Fashion"", 'id': '948967005229'}",0.596,1.047,Women's Jewelry and Accessories,"{'name': ""Women's Jewelry and Accessories"", 'id': '916487219793'}",0.421,0.873
Women's Fashion,"{'name': ""Women's Fashion"", 'id': '948967005229'}",0.596,1.047,Women's Shoes,"{'name': ""Women's Shoes"", 'id': '923271066791'}",0.42,1.051
Women's Fashion,"{'name': ""Women's Fashion"", 'id': '948967005229'}",0.596,1.047,Women's Bottoms,"{'name': ""Women's Bottoms"", 'id': '936466861734'}",0.312,0.896
Women's Fashion,"{'name': ""Women's Fashion"", 'id': '948967005229'}",0.596,1.047,Women's Bag,"{'name': ""Women's Bag"", 'id': '941900382861'}",0.301,0.988
Women's Fashion,"{'name': ""Women's Fashion"", 'id': '948967005229'}",0.596,1.047,Dress,"{'name': 'Dress', 'id': '945391946569'}",0.297,0.608
Women's Fashion,"{'name': ""Women's Fashion"", 'id': '948967005229'}",0.596,1.047,Women's Outfits by Occasions,"{'name': ""Women's Outfits by Occasions"", 'id': '895148303659'}",0.283,1.004
Women's Fashion,"{'name': ""Women's Fashion"", 'id': '948967005229'}",0.596,1.047,Women's Intimates,"{'name': ""Women's Intimates"", 'id': '955049894411'}",0.272,2.095
Women's Fashion,"{'name': ""Women's Fashion"", 'id': '948967005229'}",0.596,1.047,Women's Activewear,"{'name': ""Women's Activewear"", 'id': '900866395493'}",0.21,0.703
Women's Fashion,"{'name': ""Women's Fashion"", 'id': '948967005229'}",0.596,1.047,Women's Outerwear,"{'name': ""Women's Outerwear"", 'id': '958088257491'}",0.112,1.454
Women's Fashion,"{'name': ""Women's Fashion"", 'id': '948967005229'}",0.596,1.047,Women's Top,"{'name': ""Women's Top"", 'id': '945391038177'}",0.087,0.469
Food and Drinks,"{'name': 'Food and Drinks', 'id': '918530398158'}",0.588,1.226,Meal Planning,"{'name': 'Meal Planning', 'id': '956336077278'}",0.786,1.049
Food and Drinks,"{'name': 'Food and Drinks', 'id': '918530398158'}",0.588,1.226,Desserts,"{'name': 'Desserts', 'id': '897118241776'}",0.601,0.821
Food and Drinks,"{'name': 'Food and Drinks', 'id': '918530398158'}",0.588,1.226,Drinks,"{'name': 'Drinks', 'id': '961675572303'}",0.496,1.269
Food and Drinks,"{'name': 'Food and Drinks', 'id': '918530398158'}",0.588,1.226,Fruit,"{'name': 'Fruit', 'id': '919979591528'}",0.322,1.016
Food and Drinks,"{'name': 'Food and Drinks', 'id': '918530398158'}",0.588,1.226,Appetizers,"{'name': 'Appetizers', 'id': '918804435640'}",0.245,1.252
Food and Drinks,"{'name': 'Food and Drinks', 'id': '918530398158'}",0.588,1.226,World Cuisine,"{'name': 'World Cuisine', 'id': '936568516643'}",0.195,0.743
Food and Drinks,"{'name': 'Food and Drinks', 'id': '918530398158'}",0.588,1.226,Salad,"{'name': 'Salad', 'id': '960683755187'}",0.091,1.051
Food and Drinks,"{'name': 'Food and Drinks', 'id': '918530398158'}",0.588,1.226,Special Diet,"{'name': 'Special Diet', 'id': '933485647561'}",0.084,0.587
Food and Drinks,"{'name': 'Food and Drinks', 'id': '918530398158'}",0.588,1.226,Cooking Method,"{'name': 'Cooking Method', 'id': '906644424942'}",0.082,0.554
Food and Drinks,"{'name': 'Food and Drinks', 'id': '918530398158'}",0.588,1.226,Bread,"{'name': 'Bread', 'id': '926528168958'}",0.053,0.63
Food and Drinks,"{'name': 'Food and Drinks', 'id': '918530398158'}",0.588,1.226,Snacks,"{'name': 'Snacks', 'id': '933786359108'}",0.049,0.367
Food and Drinks,"{'name': 'Food and Drinks', 'id': '918530398158'}",0.588,1.226,Meat,"{'name': 'Meat', 'id': '894405216090'}",0.04,0.633
Food and Drinks,"{'name': 'Food and Drinks', 'id': '918530398158'}",0.588,1.226,Pizza,"{'name': 'Pizza', 'id': '942890515467'}",0.023,1.244
Food and Drinks,"{'name': 'Food and Drinks', 'id': '918530398158'}",0.588,1.226,Sandwich,"{'name': 'Sandwich', 'id': '905475941341'}",0.022,1.108
Food and Drinks,"{'name': 'Food and Drinks', 'id': '918530398158'}",0.588,1.226,Condiments,"{'name': 'Condiments', 'id': '933556278983'}",0.018,0.761
Food and Drinks,"{'name': 'Food and Drinks', 'id': '918530398158'}",0.588,1.226,Soup,"{'name': 'Soup', 'id': '938111697483'}",0.014,0.361
Food and Drinks,"{'name': 'Food and Drinks', 'id': '918530398158'}",0.588,1.226,Seafood,"{'name': 'Seafood', 'id': '959197144864'}",0.014,0.395
Vehicles,"{'name': 'Vehicles', 'id': '918093243960'}",0.572,1.91,Cars,"{'name': 'Cars', 'id': '950890153091'}",0.956,0.994
Vehicles,"{'name': 'Vehicles', 'id': '918093243960'}",0.572,1.91,Aircraft,"{'name': 'Aircraft', 'id': '923340792367'}",0.262,4.286
Vehicles,"{'name': 'Vehicles', 'id': '918093243960'}",0.572,1.91,Motorcycles and Scooter,"{'name': 'Motorcycles and Scooter', 'id': '927349329594'}",0.254,2.391
Vehicles,"{'name': 'Vehicles', 'id': '918093243960'}",0.572,1.91,Watercraft,"{'name': 'Watercraft', 'id': '945927342064'}",0.181,5.858
Vehicles,"{'name': 'Vehicles', 'id': '918093243960'}",0.572,1.91,Auto Services and Repair,"{'name': 'Auto Services and Repair', 'id': '895341869140'}",0.146,3.145
Vehicles,"{'name': 'Vehicles', 'id': '918093243960'}",0.572,1.91,Car and Motorcycle Design,"{'name': 'Car and Motorcycle Design', 'id': '896742500696'}",0.131,2.356
Vehicles,"{'name': 'Vehicles', 'id': '918093243960'}",0.572,1.91,Campers and RV,"{'name': 'Campers and RV', 'id': '903916128253'}",0.07,4.91
Vehicles,"{'name': 'Vehicles', 'id': '918093243960'}",0.572,1.91,Commercial Vehicles,"{'name': 'Commercial Vehicles', 'id': '957481581908'}",0.01,
Quotes,"{'name': 'Quotes', 'id': '948192800438'}",0.558,1.081,Quotes by Genres,"{'name': 'Quotes by Genres', 'id': '919926839991'}",0.944,0.978
Quotes,"{'name': 'Quotes', 'id': '948192800438'}",0.558,1.081,Poetry,"{'name': 'Poetry', 'id': '928308391348'}",0.014,0.666
Animals,"{'name': 'Animals', 'id': '925056443165'}",0.553,1.636,Animals and Pet Supplies,"{'name': 'Animals and Pet Supplies', 'id': '903972677830'}",0.409,1.414
Animals,"{'name': 'Animals', 'id': '925056443165'}",0.553,1.636,Bird,"{'name': 'Bird', 'id': '952174338649'}",0.292,2.046
Animals,"{'name': 'Animals', 'id': '925056443165'}",0.553,1.636,Mammals,"{'name': 'Mammals', 'id': '956932523301'}",0.241,1.119
Animals,"{'name': 'Animals', 'id': '925056443165'}",0.553,1.636,Arthropods,"{'name': 'Arthropods', 'id': '906756939414'}",0.06,1.078
Animals,"{'name': 'Animals', 'id': '925056443165'}",0.553,1.636,Sealife,"{'name': 'Sealife', 'id': '900726038026'}",0.045,1.758
Animals,"{'name': 'Animals', 'id': '925056443165'}",0.553,1.636,Amphibians,"{'name': 'Amphibians', 'id': '925019110188'}",0.014,
Parenting,"{'name': 'Parenting', 'id': '920236059316'}",0.518,1.301,Toys,"{'name': 'Toys', 'id': '957620480011'}",0.742,1.212
Parenting,"{'name': 'Parenting', 'id': '920236059316'}",0.518,1.301,Baby,"{'name': 'Baby', 'id': '933995299235'}",0.409,0.835
Parenting,"{'name': 'Parenting', 'id': '920236059316'}",0.518,1.301,Family Activities,"{'name': 'Family Activities', 'id': '953318189801'}",0.206,2.479
Parenting,"{'name': 'Parenting', 'id': '920236059316'}",0.518,1.301,Parenting Advice,"{'name': 'Parenting Advice', 'id': '953388819553'}",0.061,0.287
Parenting,"{'name': 'Parenting', 'id': '920236059316'}",0.518,1.301,Toddlers and Preschoolers,"{'name': 'Toddlers and Preschoolers', 'id': '936181027673'}",0.016,0.276
Event Planning,"{'name': 'Event Planning', 'id': '941870572865'}",0.409,0.883,Holiday,"{'name': 'Holiday', 'id': '910319220330'}",0.892,1.03
Event Planning,"{'name': 'Event Planning', 'id': '941870572865'}",0.409,0.883,Gifts,"{'name': 'Gifts', 'id': '915305016791'}",0.21,0.7
Event Planning,"{'name': 'Event Planning', 'id': '941870572865'}",0.409,0.883,Personal Celebration,"{'name': 'Personal Celebration', 'id': '944522520255'}",0.206,0.679
Event Planning,"{'name': 'Event Planning', 'id': '941870572865'}",0.409,0.883,Hosting Occasions,"{'name': 'Hosting Occasions', 'id': '945568894404'}",0.145,0.671
Event Planning,"{'name': 'Event Planning', 'id': '941870572865'}",0.409,0.883,School Celebration,"{'name': 'School Celebration', 'id': '929052754772'}",0.01,0.319
Men's Fashion,"{'name': ""Men's Fashion"", 'id': '924581335376'}",0.343,1.615,Men's Style,"{'name': ""Men's Style"", 'id': '903212673711'}",0.608,1.557
Men's Fashion,"{'name': ""Men's Fashion"", 'id': '924581335376'}",0.343,1.615,Men's Outfit by Occasions,"{'name': ""Men's Outfit by Occasions"", 'id': '954653184301'}",0.264,1.518
Men's Fashion,"{'name': ""Men's Fashion"", 'id': '924581335376'}",0.343,1.615,Men's Accessories,"{'name': ""Men's Accessories"", 'id': '958492379934'}",0.067,1.852
Men's Fashion,"{'name': ""Men's Fashion"", 'id': '924581335376'}",0.343,1.615,Men's Shirts and Top,"{'name': ""Men's Shirts and Top"", 'id': '912569390244'}",0.066,0.359
Men's Fashion,"{'name': ""Men's Fashion"", 'id': '924581335376'}",0.343,1.615,Men's Shoes,"{'name': ""Men's Shoes"", 'id': '925332366872'}",0.058,1.385
Men's Fashion,"{'name': ""Men's Fashion"", 'id': '924581335376'}",0.343,1.615,Men's Coats and Jacket,"{'name': ""Men's Coats and Jacket"", 'id': '945254310457'}",0.037,2.135
Wedding,"{'name': 'Wedding', 'id': '903260720461'}",0.341,0.996,Wedding Cake,"{'name': 'Wedding Cake', 'id': '959317080636'}",0.257,0.778
Wedding,"{'name': 'Wedding', 'id': '903260720461'}",0.341,0.996,Wedding Decor,"{'name': 'Wedding Decor', 'id': '919736858270'}",0.229,0.86
Wedding,"{'name': 'Wedding', 'id': '903260720461'}",0.341,0.996,Wedding Outfit,"{'name': 'Wedding Outfit', 'id': '953811328161'}",0.229,0.656
Wedding,"{'name': 'Wedding', 'id': '903260720461'}",0.341,0.996,Wedding Stationery,"{'name': 'Wedding Stationery', 'id': '916276424875'}",0.223,1.237
Wedding,"{'name': 'Wedding', 'id': '903260720461'}",0.341,0.996,Wedding Beauty,"{'name': 'Wedding Beauty', 'id': '957409379399'}",0.139,0.557
Wedding,"{'name': 'Wedding', 'id': '903260720461'}",0.341,0.996,Wedding Photography and Videography,"{'name': 'Wedding Photography and Videography', 'id': '960441076276'}",0.114,0.937
Wedding,"{'name': 'Wedding', 'id': '903260720461'}",0.341,0.996,Wedding Theme,"{'name': 'Wedding Theme', 'id': '942351364884'}",0.103,0.999
Wedding,"{'name': 'Wedding', 'id': '903260720461'}",0.341,0.996,Wedding Jewelry and Accessories,"{'name': 'Wedding Jewelry and Accessories', 'id': '903419085548'}",0.098,0.736
Wedding,"{'name': 'Wedding', 'id': '903260720461'}",0.341,0.996,Wedding Event,"{'name': 'Wedding Event', 'id': '918730759391'}",0.088,0.583
Wedding,"{'name': 'Wedding', 'id': '903260720461'}",0.341,0.996,Wedding Favors and Gifts,"{'name': 'Wedding Favors and Gifts', 'id': '945051572260'}",0.036,0.831
Finance,"{'name': 'Finance', 'id': '913207199297'}",0.139,2.606,Real Estate,"{'name': 'Real Estate', 'id': '961375696718'}",0.05,1.446
Finance,"{'name': 'Finance', 'id': '913207199297'}",0.139,2.606,Financial Planning,"{'name': 'Financial Planning', 'id': '922373956527'}",0.02,0.369
Children's Fashion,"{'name': ""Children's Fashion"", 'id': '903733943146'}",0.055,1.061,Children Clothing,"{'name': 'Children Clothing', 'id': '956070689933'}",0.36,1.134
Children's Fashion,"{'name': ""Children's Fashion"", 'id': '903733943146'}",0.055,1.061,Teen Clothing,"{'name': 'Teen Clothing', 'id': '930262486893'}",0.217,0.697
Children's Fashion,"{'name': ""Children's Fashion"", 'id': '903733943146'}",0.055,1.061,Baby Clothing,"{'name': 'Baby Clothing', 'id': '896035134714'}",0.068,0.582

Countries,Percent of audience
Other,0.561
United States,0.117
India,0.076
Brazil,0.057
Russian Federation,0.053
Germany,0.035
Mexico,0.028
France,0.027
United Kingdom,0.024
Indonesia,0.022

Metros,Percent of audience
Los Angeles,0.06
New York,0.049
Seattle-Tacoma,0.028
"Washington, DC (Hagrstwn)",0.025
San Francisco-Oak-San Jose,0.025
Chicago,0.023
Omaha,0.021
"Charleston, SC",0.02
Atlanta,0.019
Dallas-Ft. Worth,0.019

Gender,Percent of audience
Male,0.489
Female,0.44
Unspecified & custom,0.07

Device,Percent of audience
Web,0.468
Android Mobile,0.406
iPhone,0.331
iPad,0.084
Mobile Web,0.073
Android Tablet,0.039

Age,Percent of audience
25-34,0.348
35-44,0.206
18-24,0.185
45-49,0.071
55-64,0.07
50-54,0.054
65+,0.037

